selection1_name,selection1_url
Mamata Thakur,https://india.gov.in/my-government/indian-parliament/mamata-thakur
Pratyusha Rajeshwari Singh,https://india.gov.in/my-government/indian-parliament/pratyusha-rajeshwari-singh
Pritam Gopinath Munde,https://india.gov.in/my-government/indian-parliament/pritam-gopinath-munde
Ranjanben Bhatt,https://india.gov.in/my-government/indian-parliament/ranjanben-bhatt
Kotha Prabhakar Reddy,https://india.gov.in/my-government/indian-parliament/kotha-prabhakar-reddy
Tejpratap Singh Yadav,https://india.gov.in/my-government/indian-parliament/tejpratap-singh-yadav
Prakash Babanna Hukkeri,https://india.gov.in/my-government/indian-parliament/prakash-babanna-hukkeri
Nitin Jairam Gadkari,https://india.gov.in/my-government/indian-parliament/nitin-jairam-gadkari
Gajanan Chandrakant Kirtikar,https://india.gov.in/my-government/indian-parliament/gajanan-chandrakant-kirtikar
Sanjeev Kumar Balyan,https://india.gov.in/my-government/indian-parliament/sanjeev-kumar-balyan
Vara Prasadarao Velagapalli,https://india.gov.in/my-government/indian-parliament/vara-prasadarao-velagapalli
Ranjit Singh Brahmpura,https://india.gov.in/my-government/indian-parliament/ranjit-singh-brahmpura
Rekha Arun Verma,https://india.gov.in/my-government/indian-parliament/rekha-arun-verma
Mahendra Nath Pandey,https://india.gov.in/my-government/indian-parliament/mahendra-nath-pandey
T.G. Venkatesh Babu,https://india.gov.in/my-government/indian-parliament/tg-venkatesh-babu
Vikram Usendi,https://india.gov.in/my-government/indian-parliament/vikram-usendi
Liladharbhai Khodaji Vaghela,https://india.gov.in/my-government/indian-parliament/liladharbhai-khodaji-vaghela
R. Vanaroja,https://india.gov.in/my-government/indian-parliament/r-vanaroja
Dev (Moon Moon Sen) Varma,https://india.gov.in/my-government/indian-parliament/dev-moon-moon-sen-varma
Ramdas Chandrabhanji Tadas,https://india.gov.in/my-government/indian-parliament/ramdas-chandrabhanji-tadas
Manhor Untwal,https://india.gov.in/my-government/indian-parliament/manhor-untwal
M. Udhayakumar,https://india.gov.in/my-government/indian-parliament/m-udhayakumar
Dasrath Tirkey,https://india.gov.in/my-government/indian-parliament/dasrath-tirkey
P.K.Sreemathi Teacher,https://india.gov.in/my-government/indian-parliament/pksreemathi-teacher
P.R. Sundaram,https://india.gov.in/my-government/indian-parliament/pr-sundaram
Renuka Sinha,https://india.gov.in/my-government/indian-parliament/renuka-sinha
Rahul Shewale,https://india.gov.in/my-government/indian-parliament/rahul-shewale
Balasubramaniam Senguttuvan,https://india.gov.in/my-government/indian-parliament/balasubramaniam-senguttuvan
V. Sathyabama,https://india.gov.in/my-government/indian-parliament/v-sathyabama
Uma Saren,https://india.gov.in/my-government/indian-parliament/uma-saren
Mamtaz Sanghamita,https://india.gov.in/my-government/indian-parliament/mamtaz-sanghamita
Sandhya Roy,https://india.gov.in/my-government/indian-parliament/sandhya-roy
Neiphiu Rio,https://india.gov.in/my-government/indian-parliament/neiphiu-rio
Nanabhau Falgunrao Patole,https://india.gov.in/my-government/indian-parliament/nanabhau-falgunrao-patole
R. Radhakrishnan,https://india.gov.in/my-government/indian-parliament/r-radhakrishnan
Anwhar Raajhaa,https://india.gov.in/my-government/indian-parliament/anwhar-raajhaa
T. Radhakrishnan,https://india.gov.in/my-government/indian-parliament/t-radhakrishnan
Hari Narayan Rajbhar,https://india.gov.in/my-government/indian-parliament/hari-narayan-rajbhar
S. Rajendran,https://india.gov.in/my-government/indian-parliament/s-rajendran
Krishnan Narayanasamy Ramachandran,https://india.gov.in/my-government/indian-parliament/krishnan-narayanasamy-ramachandran
Dilip Patel,https://india.gov.in/my-government/indian-parliament/dilip-patel
Innocent,https://india.gov.in/my-government/indian-parliament/innocent
Parasuraman K.,https://india.gov.in/my-government/indian-parliament/parasuraman-k
Nagarajan P.,https://india.gov.in/my-government/indian-parliament/nagarajan-p
Ravindra Babu Pandula,https://india.gov.in/my-government/indian-parliament/ravindra-babu-pandula
Banshilal Mahto,https://india.gov.in/my-government/indian-parliament/banshilal-mahto
Mriganka Mahato,https://india.gov.in/my-government/indian-parliament/mriganka-mahato
Manshankar Ninama,https://india.gov.in/my-government/indian-parliament/manshankar-ninama
Ravindra Kushawaha,https://india.gov.in/my-government/indian-parliament/ravindra-kushawaha
J. Jayasingh Thiyagaraj Natterjee,https://india.gov.in/my-government/indian-parliament/j-jayasingh-thiyagaraj-natterjee
Khan Saumitra,https://india.gov.in/my-government/indian-parliament/khan-saumitra
Azmeera Seetaram Naik,https://india.gov.in/my-government/indian-parliament/azmeera-seetaram-naik
Jayakumar Jayavardhan,https://india.gov.in/my-government/indian-parliament/jayakumar-jayavardhan
Pratima Mondal,https://india.gov.in/my-government/indian-parliament/pratima-mondal
Anupam Hazra,https://india.gov.in/my-government/indian-parliament/anupam-hazra
G. Hari,https://india.gov.in/my-government/indian-parliament/g-hari
Sunil Kumar Mondal,https://india.gov.in/my-government/indian-parliament/sunil-kumar-mondal
R.P. Marutharajaa,https://india.gov.in/my-government/indian-parliament/rp-marutharajaa
Vijay Kumar Hansdak,https://india.gov.in/my-government/indian-parliament/vijay-kumar-hansdak
Rajeshbhai Naranbhai Chudasama,https://india.gov.in/my-government/indian-parliament/rajeshbhai-naranbhai-chudasama
Arpita Ghosh,https://india.gov.in/my-government/indian-parliament/arpita-ghosh
Devajibhai Govindbhai Fatepara,https://india.gov.in/my-government/indian-parliament/devajibhai-govindbhai-fatepara
Satish Chandra Dubey,https://india.gov.in/my-government/indian-parliament/satish-chandra-dubey
S. Selvakumarachinnayan,https://india.gov.in/my-government/indian-parliament/s-selvakumarachinnayan
Gopalakrishnan Chinnaraj,https://india.gov.in/my-government/indian-parliament/gopalakrishnan-chinnaraj
Chhotelal,https://india.gov.in/my-government/indian-parliament/chhotelal
Devusinh Jesingbhai Chauhan,https://india.gov.in/my-government/indian-parliament/devusinh-jesingbhai-chauhan
Jaswantsinh Sumanbhai Bhabhor,https://india.gov.in/my-government/indian-parliament/jaswantsinh-sumanbhai-bhabhor
M. Chandrakasi,https://india.gov.in/my-government/indian-parliament/m-chandrakasi
Ramesh Bidhuri,https://india.gov.in/my-government/indian-parliament/ramesh-bidhuri
Bijoy Chandra Barman,https://india.gov.in/my-government/indian-parliament/bijoy-chandra-barman
R.K. Bharathimohan,https://india.gov.in/my-government/indian-parliament/rk-bharathimohan
Sugata Bose,https://india.gov.in/my-government/indian-parliament/sugata-bose
K. Ashok Kumar,https://india.gov.in/my-government/indian-parliament/k-ashok-kumar
A. Arunmozhithevan,https://india.gov.in/my-government/indian-parliament/arunmozhithevan
Idris Ali,https://india.gov.in/my-government/indian-parliament/idris-ali
Deepak (Dev) Adhikari,https://india.gov.in/my-government/indian-parliament/deepak-dev-adhikari
B.N. Chandrappa,https://india.gov.in/my-government/indian-parliament/bn-chandrappa
Tapas Mandal,https://india.gov.in/my-government/indian-parliament/tapas-mandal
Aparupa Poddar,https://india.gov.in/my-government/indian-parliament/aparupa-poddar
Abhishek Banerjee,https://india.gov.in/my-government/indian-parliament/abhishek-banerjee
C. Mahendran,https://india.gov.in/my-government/indian-parliament/c-mahendran
Elumalai Vellaigounder,https://india.gov.in/my-government/indian-parliament/elumalai-vellaigounder
K.R.P. Prabakaran,https://india.gov.in/my-government/indian-parliament/krp-prabakaran
Vasanthi M.,https://india.gov.in/my-government/indian-parliament/vasanthi-m
PR. Senthilnathan,https://india.gov.in/my-government/indian-parliament/pr-senthilnathan
R. Parthipan,https://india.gov.in/my-government/indian-parliament/r-parthipan
K. Kamaraj,https://india.gov.in/my-government/indian-parliament/k-kamaraj
K. Maragatham,https://india.gov.in/my-government/indian-parliament/k-maragatham
V. Panneer Selvam,https://india.gov.in/my-government/indian-parliament/v-panneer-selvam
Rita Tarai,https://india.gov.in/my-government/indian-parliament/rita-tarai
R. Gopalakrishnan,https://india.gov.in/my-government/indian-parliament/r-gopalakrishnan
Vijay Kumar S.R.,https://india.gov.in/my-government/indian-parliament/vijay-kumar-sr
K. Gopal,https://india.gov.in/my-government/indian-parliament/k-gopal
C. N. Jayadevan,https://india.gov.in/my-government/indian-parliament/c-n-jayadevan
Jitendra Chaudhury,https://india.gov.in/my-government/indian-parliament/jitendra-chaudhury
Rama Chandra Hansdah,https://india.gov.in/my-government/indian-parliament/rama-chandra-hansdah
Md. Badaruddoza Khan,https://india.gov.in/my-government/indian-parliament/md-badaruddoza-khan
Sankar Prasad Datta,https://india.gov.in/my-government/indian-parliament/sankar-prasad-datta
C.S. Puttaraju,https://india.gov.in/my-government/indian-parliament/cs-puttaraju
Kulamani Samal,https://india.gov.in/my-government/indian-parliament/kulamani-samal
Tariq Hameed Karra,https://india.gov.in/my-government/indian-parliament/tariq-hameed-karra
K. C. Patel,https://india.gov.in/my-government/indian-parliament/k-c-patel
Sirajuddin Ajmal,https://india.gov.in/my-government/indian-parliament/sirajuddin-ajmal
Y. S. Avinash Reddy,https://india.gov.in/my-government/indian-parliament/y-s-avinash-reddy
Ladu Kishore Swain,https://india.gov.in/my-government/indian-parliament/ladu-kishore-swain
Nagendra Kumar Pradhan,https://india.gov.in/my-government/indian-parliament/nagendra-kumar-pradhan
Jhina Hikaka,https://india.gov.in/my-government/indian-parliament/jhina-hikaka
Sakuntala Laguri,https://india.gov.in/my-government/indian-parliament/sakuntala-laguri
Radheshyam Biswas,https://india.gov.in/my-government/indian-parliament/radheshyam-biswas
Prabhas Kumar Singh,https://india.gov.in/my-government/indian-parliament/prabhas-kumar-singh
Muzaffar Hussain Baig,https://india.gov.in/my-government/indian-parliament/muzaffar-hussain-baig
Balka Suman,https://india.gov.in/my-government/indian-parliament/balka-suman
Nagesh Godam,https://india.gov.in/my-government/indian-parliament/nagesh-godam
Boora Narsaiah Goud,https://india.gov.in/my-government/indian-parliament/boora-narsaiah-goud
Kavitha Kalvakuntla,https://india.gov.in/my-government/indian-parliament/kavitha-kalvakuntla
Srihari Kadiyam,https://india.gov.in/my-government/indian-parliament/srihari-kadiyam
Konda Vishweshwar Reddy,https://india.gov.in/my-government/indian-parliament/konda-vishweshwar-reddy
Narasimham Thota,https://india.gov.in/my-government/indian-parliament/narasimham-thota
Rajeev Shankarrao Satav,https://india.gov.in/my-government/indian-parliament/rajeev-shankarrao-satav
Arka Keshari Deo,https://india.gov.in/my-government/indian-parliament/arka-keshari-deo
Balabhadra Majhi,https://india.gov.in/my-government/indian-parliament/balabhadra-majhi
Rabindra Kumar Jena,https://india.gov.in/my-government/indian-parliament/rabindra-kumar-jena
Shailesh (Bulo Mandal) Kumar,https://india.gov.in/my-government/indian-parliament/shailesh-bulo-mandal-kumar
S.S. Ahluwalia,https://india.gov.in/my-government/indian-parliament/ss-ahluwalia
Santosh Kumar,https://india.gov.in/my-government/indian-parliament/santosh-kumar
S.P. Muddahanumegowda,https://india.gov.in/my-government/indian-parliament/sp-muddahanumegowda
B.V. Nayak,https://india.gov.in/my-government/indian-parliament/bv-nayak
Vijaysinh Mohite Patil,https://india.gov.in/my-government/indian-parliament/vijaysinh-mohite-patil
Gaurav Gogoi,https://india.gov.in/my-government/indian-parliament/gaurav-gogoi
Heena Vijaykumar Gavit,https://india.gov.in/my-government/indian-parliament/heena-vijaykumar-gavit
Faizal P.P. Mohammed,https://india.gov.in/my-government/indian-parliament/faizal-pp-mohammed
Raghav Lakhanpal,https://india.gov.in/my-government/indian-parliament/raghav-lakhanpal
Sushmita Dev,https://india.gov.in/my-government/indian-parliament/sushmita-dev
Santokh Singh Chaudhary,https://india.gov.in/my-government/indian-parliament/santokh-singh-chaudhary
Rajyavardhan Singh Rathore,https://india.gov.in/my-government/indian-parliament/rajyavardhan-singh-rathore
Shrirang Appa Barne,https://india.gov.in/my-government/indian-parliament/shrirang-appa-barne
Sadhvi Savitri Bai Phoole,https://india.gov.in/my-government/indian-parliament/sadhvi-savitri-bai-phoole
Akshay Yadav,https://india.gov.in/my-government/indian-parliament/akshay-yadav
Kunwar Sarvesh Kumar,https://india.gov.in/my-government/indian-parliament/kunwar-sarvesh-kumar
Chirag Paswan,https://india.gov.in/my-government/indian-parliament/chirag-paswan
Harsh Vardhan,https://india.gov.in/my-government/indian-parliament/harsh-vardhan
Kirron Kher,https://india.gov.in/my-government/indian-parliament/kirron-kher
Naba (Hira) Kumar Sarania,https://india.gov.in/my-government/indian-parliament/naba-hira-kumar-sarania
Ch. Malla Reddy,https://india.gov.in/my-government/indian-parliament/ch-malla-reddy
Kinjarapu Ram Mohan Naidu,https://india.gov.in/my-government/indian-parliament/kinjarapu-ram-mohan-naidu
Jayadev Galla,https://india.gov.in/my-government/indian-parliament/jayadev-galla
Sriram Malyadri,https://india.gov.in/my-government/indian-parliament/sriram-malyadri
Jayant Sinha,https://india.gov.in/my-government/indian-parliament/jayant-sinha
Dhananjay Bhimrao Mahadik,https://india.gov.in/my-government/indian-parliament/dhananjay-bhimrao-mahadik
Ravindra Vishwanath Gaikwad,https://india.gov.in/my-government/indian-parliament/ravindra-vishwanath-gaikwad
Vinayak Bhaurao Raut,https://india.gov.in/my-government/indian-parliament/vinayak-bhaurao-raut
Udit Raj,https://india.gov.in/my-government/indian-parliament/udit-raj
Ram Swaroop Sharma,https://india.gov.in/my-government/indian-parliament/ram-swaroop-sharma
B. Sreeramulu,https://india.gov.in/my-government/indian-parliament/b-sreeramulu
Ramesh Pokhriyal Nishank,https://india.gov.in/my-government/indian-parliament/ramesh-pokhriyal-nishank
Ashok Gajapati Raju Pusapati,https://india.gov.in/my-government/indian-parliament/ashok-gajapati-raju-pusapati
Parvesh Sahib Singh,https://india.gov.in/my-government/indian-parliament/parvesh-sahib-singh
Parbhubhai Nagarbhai Vasava,https://india.gov.in/my-government/indian-parliament/parbhubhai-nagarbhai-vasava
Bheemrao Baswanthrao Patil,https://india.gov.in/my-government/indian-parliament/bheemrao-baswanthrao-patil
Arjunlal Meena,https://india.gov.in/my-government/indian-parliament/arjunlal-meena
Advocate Narendra Keshav Sawaikar,https://india.gov.in/my-government/indian-parliament/advocate-narendra-keshav-sawaikar
Ram Prasad Sarmah,https://india.gov.in/my-government/indian-parliament/ram-prasad-sarmah
Lallu Singh,https://india.gov.in/my-government/indian-parliament/lallu-singh
Poonamben Hematbhai Maadam,https://india.gov.in/my-government/indian-parliament/poonamben-hematbhai-maadam
Sunil Kumar Singh,https://india.gov.in/my-government/indian-parliament/sunil-kumar-singh
Rama Kishore Singh,https://india.gov.in/my-government/indian-parliament/rama-kishore-singh
Ashok Mahadeorao Nete,https://india.gov.in/my-government/indian-parliament/ashok-mahadeorao-nete
Paresh Rawal,https://india.gov.in/my-government/indian-parliament/paresh-rawal
Anil Shirole,https://india.gov.in/my-government/indian-parliament/anil-shirole
Rameswar Teli,https://india.gov.in/my-government/indian-parliament/rameswar-teli
Sanganna Amarappa Karadi,https://india.gov.in/my-government/indian-parliament/sanganna-amarappa-karadi
Hari Babu Kambhampati,https://india.gov.in/my-government/indian-parliament/hari-babu-kambhampati
Abhishek Singh,https://india.gov.in/my-government/indian-parliament/abhishek-singh
Vinod Chavda,https://india.gov.in/my-government/indian-parliament/vinod-chavda
Muthamsetti Srinivasa Rao (Avnthi),https://india.gov.in/my-government/indian-parliament/muthamsetti-srinivasa-rao-avnthi
Kamakhya Prasad Tasa,https://india.gov.in/my-government/indian-parliament/kamakhya-prasad-tasa
Nagendra Singh,https://india.gov.in/my-government/indian-parliament/nagendra-singh
Birendra Kumar Chaudhary,https://india.gov.in/my-government/indian-parliament/birendra-kumar-chaudhary
Sanjay Haribhau Jadhav,https://india.gov.in/my-government/indian-parliament/sanjay-haribhau-jadhav
Krupal Balaji Tumane,https://india.gov.in/my-government/indian-parliament/krupal-balaji-tumane
Sadashiv Kisan Lokhande,https://india.gov.in/my-government/indian-parliament/sadashiv-kisan-lokhande
Charanjeet Singh Rori,https://india.gov.in/my-government/indian-parliament/charanjeet-singh-rori
Vishnu Dayal Ram,https://india.gov.in/my-government/indian-parliament/vishnu-dayal-ram
Janardan Mishra,https://india.gov.in/my-government/indian-parliament/janardan-mishra
Anju Bala,https://india.gov.in/my-government/indian-parliament/anju-bala
Bharatendra Singh,https://india.gov.in/my-government/indian-parliament/bharatendra-singh
Raksha Nikhil Khadse,https://india.gov.in/my-government/indian-parliament/raksha-nikhil-khadse
Kalraj Mishra,https://india.gov.in/my-government/indian-parliament/kalraj-mishra
Jugal Kishore Sharma,https://india.gov.in/my-government/indian-parliament/jugal-kishore-sharma
Janak Ram,https://india.gov.in/my-government/indian-parliament/janak-ram
Jitendra Singh,https://india.gov.in/my-government/indian-parliament/jitendra-singh
Meenakashi Lekhi,https://india.gov.in/my-government/indian-parliament/meenakashi-lekhi
Om Birla,https://india.gov.in/my-government/indian-parliament/om-birla
Ajay Nishad,https://india.gov.in/my-government/indian-parliament/ajay-nishad
Ram Kumar Sharma Kushwaha,https://india.gov.in/my-government/indian-parliament/ram-kumar-sharma-kushwaha
Arvind Ganpat Sawant,https://india.gov.in/my-government/indian-parliament/arvind-ganpat-sawant
Sharad Tripathi,https://india.gov.in/my-government/indian-parliament/sharad-tripathi
Riti Pathak,https://india.gov.in/my-government/indian-parliament/riti-pathak
Kaushal Kishore,https://india.gov.in/my-government/indian-parliament/kaushal-kishore
Sumedhanand Saraswati,https://india.gov.in/my-government/indian-parliament/sumedhanand-saraswati
Prathap Simha,https://india.gov.in/my-government/indian-parliament/prathap-simha
Sanwar Lal Jat,https://india.gov.in/my-government/indian-parliament/sanwar-lal-jat
Sharadkumar Maruti Bansode,https://india.gov.in/my-government/indian-parliament/sharadkumar-maruti-bansode
Bidyut Baran Mahato,https://india.gov.in/my-government/indian-parliament/bidyut-baran-mahato
Babul Supriyo,https://india.gov.in/my-government/indian-parliament/babul-supriyo
Alok Sanjar,https://india.gov.in/my-government/indian-parliament/alok-sanjar
Rodmal Nagar,https://india.gov.in/my-government/indian-parliament/rodmal-nagar
Srinivas Kesineni,https://india.gov.in/my-government/indian-parliament/srinivas-kesineni
J.C. Divakar Reddy,https://india.gov.in/my-government/indian-parliament/jc-divakar-reddy
Murali Mohan Maganti,https://india.gov.in/my-government/indian-parliament/murali-mohan-maganti
Rajesh Pandey,https://india.gov.in/my-government/indian-parliament/rajesh-pandey
Ashok Kumar Dohrey,https://india.gov.in/my-government/indian-parliament/ashok-kumar-dohrey
Ajay (Teni) Misra,https://india.gov.in/my-government/indian-parliament/ajay-teni-misra
Bharat Singh,https://india.gov.in/my-government/indian-parliament/bharat-singh
Krishna Raj,https://india.gov.in/my-government/indian-parliament/krishna-raj
Bharati Dhirubhai Shiyal,https://india.gov.in/my-government/indian-parliament/bharati-dhirubhai-shiyal
Mohanbhai Kalyanjibhai Kundariya,https://india.gov.in/my-government/indian-parliament/mohanbhai-kalyanjibhai-kundariya
Dipsinh Shankarsinh Rathod,https://india.gov.in/my-government/indian-parliament/dipsinh-shankarsinh-rathod
Kamalbhan Singh Marabi,https://india.gov.in/my-government/indian-parliament/kamalbhan-singh-marabi
Lakhan Lal Sahu,https://india.gov.in/my-government/indian-parliament/lakhan-lal-sahu
Midhun Reddy,https://india.gov.in/my-government/indian-parliament/midhun-reddy
Yerram Venkata Subba Reddy,https://india.gov.in/my-government/indian-parliament/yerram-venkata-subba-reddy
(Adv.) Joice George,https://india.gov.in/my-government/indian-parliament/adv-joice-george
Subhash Patel,https://india.gov.in/my-government/indian-parliament/subhash-patel
Veena Devi,https://india.gov.in/my-government/indian-parliament/veena-devi
Ponguleti Srinivasa Reddy,https://india.gov.in/my-government/indian-parliament/ponguleti-srinivasa-reddy
Hemant Tukaram Godse,https://india.gov.in/my-government/indian-parliament/hemant-tukaram-godse
Renuka Butta,https://india.gov.in/my-government/indian-parliament/renuka-butta
Sanjay(Kaka) Ramchandra Patil,https://india.gov.in/my-government/indian-parliament/sanjaykaka-ramchandra-patil
Geetha Kothapalli,https://india.gov.in/my-government/indian-parliament/geetha-kothapalli
Subhash Ramrao Bhamre,https://india.gov.in/my-government/indian-parliament/subhash-ramrao-bhamre
Priyanka Singh Rawat,https://india.gov.in/my-government/indian-parliament/priyanka-singh-rawat
Dharam Vira Gandhi,https://india.gov.in/my-government/indian-parliament/dharam-vira-gandhi
Anshul Verma,https://india.gov.in/my-government/indian-parliament/anshul-verma
Sadhu Singh,https://india.gov.in/my-government/indian-parliament/sadhu-singh
Krishna Pratap Singh,https://india.gov.in/my-government/indian-parliament/krishna-pratap-singh
Hari Om Pandey,https://india.gov.in/my-government/indian-parliament/hari-om-pandey
Chandra Prakash Joshi,https://india.gov.in/my-government/indian-parliament/chandra-prakash-joshi
Gajendra Singh Shekhawat,https://india.gov.in/my-government/indian-parliament/gajendra-singh-shekhawat
Sukhbir Singh Jaunpuria,https://india.gov.in/my-government/indian-parliament/sukhbir-singh-jaunpuria
Ravindra Kumar Ray,https://india.gov.in/my-government/indian-parliament/ravindra-kumar-ray
Manoj Rajoria,https://india.gov.in/my-government/indian-parliament/manoj-rajoria
Mukesh Rajput,https://india.gov.in/my-government/indian-parliament/mukesh-rajput
Pushpendra Singh Chandel,https://india.gov.in/my-government/indian-parliament/pushpendra-singh-chandel
Devendra (Alias) Bhole Singh Singh,https://india.gov.in/my-government/indian-parliament/devendra-alias-bhole-singh-singh
Rajan Baburao Vichare,https://india.gov.in/my-government/indian-parliament/rajan-baburao-vichare
Anupriya Patel,https://india.gov.in/my-government/indian-parliament/anupriya-patel
Gopal Chinayya Shetty,https://india.gov.in/my-government/indian-parliament/gopal-chinayya-shetty
Poonam Mahajan,https://india.gov.in/my-government/indian-parliament/poonam-mahajan
Shrikant Eknath Shinde,https://india.gov.in/my-government/indian-parliament/shrikant-eknath-shinde
Kapil Moreshwar Patil,https://india.gov.in/my-government/indian-parliament/kapil-moreshwar-patil
Yashwant Singh,https://india.gov.in/my-government/indian-parliament/yashwant-singh
Ramcharan Bohara,https://india.gov.in/my-government/indian-parliament/ramcharan-bohara
Hariom Singh Rathore,https://india.gov.in/my-government/indian-parliament/hariom-singh-rathore
Rahul Kaswan,https://india.gov.in/my-government/indian-parliament/rahul-kaswan
Raj Kumar Singh,https://india.gov.in/my-government/indian-parliament/raj-kumar-singh
Ajay Tamta,https://india.gov.in/my-government/indian-parliament/ajay-tamta
Bodh Singh Bhagat,https://india.gov.in/my-government/indian-parliament/bodh-singh-bhagat
Ashwini Kumar Choubey,https://india.gov.in/my-government/indian-parliament/ashwini-kumar-choubey
Ashwini Kumar,https://india.gov.in/my-government/indian-parliament/ashwini-kumar
Anbumani Ramadoss,https://india.gov.in/my-government/indian-parliament/anbumani-ramadoss
Dharambir,https://india.gov.in/my-government/indian-parliament/dharambir
Chintamani Malviya,https://india.gov.in/my-government/indian-parliament/chintamani-malviya
Upendra Kushwaha,https://india.gov.in/my-government/indian-parliament/upendra-kushwaha-0
Kunwar Haribansh Singh,https://india.gov.in/my-government/indian-parliament/kunwar-haribansh-singh
Sunil Baliram Gaikwad,https://india.gov.in/my-government/indian-parliament/sunil-baliram-gaikwad
Mahesh Sharma,https://india.gov.in/my-government/indian-parliament/mahesh-sharma
Giriraj Singh,https://india.gov.in/my-government/indian-parliament/giriraj-singh
Harish Chandra Meena,https://india.gov.in/my-government/indian-parliament/harish-chandra-meena
Bhagat Singh Koshyari,https://india.gov.in/my-government/indian-parliament/bhagat-singh-koshyari-0
Janardan Singh Sigriwal,https://india.gov.in/my-government/indian-parliament/janardan-singh-sigriwal
Anoop Mishra,https://india.gov.in/my-government/indian-parliament/anoop-mishra
C.R. Chaudhary,https://india.gov.in/my-government/indian-parliament/cr-chaudhary
Bhagwant Mann,https://india.gov.in/my-government/indian-parliament/bhagwant-mann
Rajveer (Raju Bhaiya) Singh,https://india.gov.in/my-government/indian-parliament/rajveer-raju-bhaiya-singh
Harish Dwivedi,https://india.gov.in/my-government/indian-parliament/harish-dwivedi
Bhagwanth Khuba,https://india.gov.in/my-government/indian-parliament/bhagwanth-khuba
Chand Nath Yogi,https://india.gov.in/my-government/indian-parliament/chand-nath-yogi
Satya Pal Singh,https://india.gov.in/my-government/indian-parliament/satya-pal-singh-0
Krishan Pal,https://india.gov.in/my-government/indian-parliament/krishan-pal
Santosh Ahlawat,https://india.gov.in/my-government/indian-parliament/santosh-ahlawat
Babulal Chaudhary,https://india.gov.in/my-government/indian-parliament/babulal-chaudhary
Bhairon Prasad Mishra,https://india.gov.in/my-government/indian-parliament/bhairon-prasad-mishra
Nityanand Rai,https://india.gov.in/my-government/indian-parliament/nityanand-rai
Dushyant Chautala,https://india.gov.in/my-government/indian-parliament/dushyant-chautala
Vinod Kumar Sonkar,https://india.gov.in/my-government/indian-parliament/vinod-kumar-sonkar
Niranjan Jyoti,https://india.gov.in/my-government/indian-parliament/niranjan-jyoti
Neelam Sonker,https://india.gov.in/my-government/indian-parliament/neelam-sonker
Raj Kumar Saini,https://india.gov.in/my-government/indian-parliament/raj-kumar-saini
Hemamalini,https://india.gov.in/my-government/indian-parliament/hemamalini
Vijay Sampla,https://india.gov.in/my-government/indian-parliament/vijay-sampla
Ram Charitra Nishad,https://india.gov.in/my-government/indian-parliament/ram-charitra-nishad
Shobha Karandlaje,https://india.gov.in/my-government/indian-parliament/shobha-karandlaje
Sudheer Gupta,https://india.gov.in/my-government/indian-parliament/sudheer-gupta
Tamradhwaj Sahu,https://india.gov.in/my-government/indian-parliament/tamradhwaj-sahu
Bhagirath Prasad,https://india.gov.in/my-government/indian-parliament/bhagirath-prasad
Mehboob Ali Kaiser,https://india.gov.in/my-government/indian-parliament/mehboob-ali-kaiser
Laxmi Narayan Yadav,https://india.gov.in/my-government/indian-parliament/laxmi-narayan-yadav
Gokaraju Ganga Raju,https://india.gov.in/my-government/indian-parliament/gokaraju-ganga-raju
Rajesh Kumar Diwakar,https://india.gov.in/my-government/indian-parliament/rajesh-kumar-diwakar
Maheish Girri,https://india.gov.in/my-government/indian-parliament/maheish-girri
Kanwar Singh Tanwar,https://india.gov.in/my-government/indian-parliament/kanwar-singh-tanwar
Manoj Kumar Tiwari,https://india.gov.in/my-government/indian-parliament/manoj-kumar-tiwari
Bhola Singh,https://india.gov.in/my-government/indian-parliament/bhola-singh-0
Satish Kumar Gautam,https://india.gov.in/my-government/indian-parliament/satish-kumar-gautam
Nepal Singh,https://india.gov.in/my-government/indian-parliament/nepal-singh
Ramesh Chander Kaushik,https://india.gov.in/my-government/indian-parliament/ramesh-chander-kaushik
Satya Pal Singh,https://india.gov.in/my-government/indian-parliament/satya-pal-singh
B. S. Yeddyurappa,https://india.gov.in/my-government/indian-parliament/b-s-yeddyurappa
Vijay Kumar Singh,https://india.gov.in/my-government/indian-parliament/vijay-kumar-singh
P.P. Chaudhary,https://india.gov.in/my-government/indian-parliament/pp-chaudhary
Savitri Thakur,https://india.gov.in/my-government/indian-parliament/savitri-thakur
Dharmendra Kumar,https://india.gov.in/my-government/indian-parliament/dharmendra-kumar
Keshav Prasad Maurya,https://india.gov.in/my-government/indian-parliament/keshav-prasad-maurya
Hukum Singh,https://india.gov.in/my-government/indian-parliament/hukum-singh
Daddan Mishra,https://india.gov.in/my-government/indian-parliament/daddan-mishra
Doddaalahalli Kempegowda Suresh,https://india.gov.in/my-government/indian-parliament/doddaalahalli-kempegowda-suresh
Prasun Banerjee,https://india.gov.in/my-government/indian-parliament/prasun-banerjee
Mala Rajya Laxmi Shah,https://india.gov.in/my-government/indian-parliament/mala-rajya-laxmi-shah
Abhijit Mukherjee,https://india.gov.in/my-government/indian-parliament/abhijit-mukherjee
Dimple Yadav,https://india.gov.in/my-government/indian-parliament/dimple-yadav
Subrata Bakshi,https://india.gov.in/my-government/indian-parliament/subrata-bakshi
Dinesh Kashyap,https://india.gov.in/my-government/indian-parliament/dinesh-kashyap
Anto Antony,https://india.gov.in/my-government/indian-parliament/anto-antony
Shashi Tharoor,https://india.gov.in/my-government/indian-parliament/shashi-tharoor
K. C. Venugopal,https://india.gov.in/my-government/indian-parliament/k-c-venugopal
Jose K. Mani,https://india.gov.in/my-government/indian-parliament/jose-k-mani
Parayamparanbil Kuttappan Biju,https://india.gov.in/my-government/indian-parliament/parayamparanbil-kuttappan-biju
M. B. Rajesh,https://india.gov.in/my-government/indian-parliament/m-b-rajesh
E. T. Mohammed Basheer,https://india.gov.in/my-government/indian-parliament/e-t-mohammed-basheer
M. K. Raghavan,https://india.gov.in/my-government/indian-parliament/m-k-raghavan
M. I. Shanavas,https://india.gov.in/my-government/indian-parliament/m-i-shanavas
P. Kumar,https://india.gov.in/my-government/indian-parliament/p-kumar
Ponnusamy Venugopal,https://india.gov.in/my-government/indian-parliament/ponnusamy-venugopal
Naramalli Sivaprasad,https://india.gov.in/my-government/indian-parliament/naramalli-sivaprasad
Kristappa Nimmala,https://india.gov.in/my-government/indian-parliament/kristappa-nimmala
Konakalla Narayana Rao,https://india.gov.in/my-government/indian-parliament/konakalla-narayana-rao
Uday Pratap Singh,https://india.gov.in/my-government/indian-parliament/uday-pratap-singh
Jyoti Dhurve,https://india.gov.in/my-government/indian-parliament/jyoti-dhurve
Narendra Singh Tomar,https://india.gov.in/my-government/indian-parliament/narendra-singh-tomar
Satabdi Roy (Banerjee),https://india.gov.in/my-government/indian-parliament/satabdi-roy-banerjee
Sisir Kumar Adhikari,https://india.gov.in/my-government/indian-parliament/sisir-kumar-adhikari
Suvendu Adhikari,https://india.gov.in/my-government/indian-parliament/suvendu-adhikari
(Smt.) Ratna De(Nag),https://india.gov.in/my-government/indian-parliament/smt-ratna-denag
Kalyan Banerjee,https://india.gov.in/my-government/indian-parliament/kalyan-banerjee
Sultan Ahmed,https://india.gov.in/my-government/indian-parliament/sultan-ahmed
Choudhury Mohan Jatua,https://india.gov.in/my-government/indian-parliament/choudhury-mohan-jatua
(Smt.) Kakoli Ghosh Dastidar,https://india.gov.in/my-government/indian-parliament/smt-kakoli-ghosh-dastidar
Dinesh Trivedi,https://india.gov.in/my-government/indian-parliament/dinesh-trivedi
Mausam Noor,https://india.gov.in/my-government/indian-parliament/mausam-noor
Tapas Paul,https://india.gov.in/my-government/indian-parliament/tapas-paul
Bhola Singh,https://india.gov.in/my-government/indian-parliament/bhola-singh
Hari Manjhi,https://india.gov.in/my-government/indian-parliament/hari-manjhi
Shatrughan Prasad Sinha,https://india.gov.in/my-government/indian-parliament/shatrughan-prasad-sinha
Kaushalendra Kumar,https://india.gov.in/my-government/indian-parliament/kaushalendra-kumar
Om Prakash Yadav,https://india.gov.in/my-government/indian-parliament/om-prakash-yadav
Asrarul Haque Mohammad,https://india.gov.in/my-government/indian-parliament/asrarul-haque-mohammad
Sanjay Jaiswal,https://india.gov.in/my-government/indian-parliament/sanjay-jaiswal
C. R. Patil,https://india.gov.in/my-government/indian-parliament/c-r-patil
Darshana Vikram Jardosh,https://india.gov.in/my-government/indian-parliament/darshana-vikram-jardosh
Prabhatsinh Pratapsinh Chauhan,https://india.gov.in/my-government/indian-parliament/prabhatsinh-pratapsinh-chauhan
Naranbhai Bhikhabhai Kachhadiya,https://india.gov.in/my-government/indian-parliament/naranbhai-bhikhabhai-kachhadiya
Vitthalbhai Hansrajbhai Radadiya,https://india.gov.in/my-government/indian-parliament/vitthalbhai-hansrajbhai-radadiya
Kirit Premjibhai Solanki,https://india.gov.in/my-government/indian-parliament/kirit-premjibhai-solanki
Jayshreeben Patel,https://india.gov.in/my-government/indian-parliament/jayshreeben-patel
Ramen Deka,https://india.gov.in/my-government/indian-parliament/ramen-deka
Badruddin Ajmal,https://india.gov.in/my-government/indian-parliament/badruddin-ajmal
Harsimrat Kaur Badal,https://india.gov.in/my-government/indian-parliament/harsimrat-kaur-badal
Sher Singh Ghubaya,https://india.gov.in/my-government/indian-parliament/sher-singh-ghubaya
Ravneet Singh,https://india.gov.in/my-government/indian-parliament/ravneet-singh
Sidhant Mohapatra,https://india.gov.in/my-government/indian-parliament/sidhant-mohapatra
Baijayant &quot;Jay&quot; Panda,https://india.gov.in/my-government/indian-parliament/baijayant-quotjayquot-panda
Kalikesh Narayan Singh Deo,https://india.gov.in/my-government/indian-parliament/kalikesh-narayan-singh-deo
Devji Mansingram Patel,https://india.gov.in/my-government/indian-parliament/devji-mansingram-patel
Arjun Ram Meghwal,https://india.gov.in/my-government/indian-parliament/arjun-ram-meghwal
Raju alias Devappa Anna Shetti,https://india.gov.in/my-government/indian-parliament/raju-alias-devappa-anna-shetti
Supriya Sadanand Sule,https://india.gov.in/my-government/indian-parliament/supriya-sadanand-sule
Udayanraje Pratapsingh Bhonsle,https://india.gov.in/my-government/indian-parliament/udayanraje-pratapsingh-bhonsle
Prataprao Ganpatrao Jadhav,https://india.gov.in/my-government/indian-parliament/prataprao-ganpatrao-jadhav
A.T. (Nana) Patil,https://india.gov.in/my-government/indian-parliament/nana-patil
Ninong Ering,https://india.gov.in/my-government/indian-parliament/ninong-ering
Natubhai Gomanbhai Patel,https://india.gov.in/my-government/indian-parliament/natubhai-gomanbhai-patel
Lalubhai Babubhai Patel,https://india.gov.in/my-government/indian-parliament/lalubhai-babubhai-patel
Chandu Lal Sahu,https://india.gov.in/my-government/indian-parliament/chandu-lal-sahu
Kamla Devi Patle,https://india.gov.in/my-government/indian-parliament/kamla-devi-patle
C. L. Ruala,https://india.gov.in/my-government/indian-parliament/c-l-ruala
Vincent H Pala,https://india.gov.in/my-government/indian-parliament/vincent-h-pala
Prem Das Rai,https://india.gov.in/my-government/indian-parliament/prem-das-rai
M. Veerappa Moily,https://india.gov.in/my-government/indian-parliament/m-veerappa-moily
Rangaswamy Dhruvanarayana,https://india.gov.in/my-government/indian-parliament/rangaswamy-dhruvanarayana
Shivkumar Chanabasappa Udasi,https://india.gov.in/my-government/indian-parliament/shivkumar-chanabasappa-udasi
Sudarshan Bhagat,https://india.gov.in/my-government/indian-parliament/sudarshan-bhagat
Pashupati Nath Singh,https://india.gov.in/my-government/indian-parliament/pashupati-nath-singh
Nishikant Dubey,https://india.gov.in/my-government/indian-parliament/nishikant-dubey
P. C. Mohan,https://india.gov.in/my-government/indian-parliament/p-c-mohan
Nalin Kumar Kateel,https://india.gov.in/my-government/indian-parliament/nalin-kumar-kateel
Mallikarjun Kharge,https://india.gov.in/my-government/indian-parliament/mallikarjun-kharge
Kamlesh Paswan,https://india.gov.in/my-government/indian-parliament/kamlesh-paswan
Virender Kashyap,https://india.gov.in/my-government/indian-parliament/virender-kashyap
Jagdambika Pal,https://india.gov.in/my-government/indian-parliament/jagdambika-pal
Feroze Varun Gandhi,https://india.gov.in/my-government/indian-parliament/feroze-varun-gandhi
Prof. Ram Shankar,https://india.gov.in/my-government/indian-parliament/prof-ram-shankar
Rajnath Singh,https://india.gov.in/my-government/indian-parliament/rajnath-singh
Rajendra Agrawal,https://india.gov.in/my-government/indian-parliament/rajendra-agrawal
Anurag Singh Thakur,https://india.gov.in/my-government/indian-parliament/anurag-singh-thakur
Abu Hasem Khan Choudhury,https://india.gov.in/my-government/indian-parliament/abu-hasem-khan-choudhury
Deepender Singh Hooda,https://india.gov.in/my-government/indian-parliament/deepender-singh-hooda
Dharmendra Yadav,https://india.gov.in/my-government/indian-parliament/dharmendra-yadav
Mohammad Salim,https://india.gov.in/my-government/indian-parliament/mohammad-salim
P. Karunakaran,https://india.gov.in/my-government/indian-parliament/p-karunakaran
Shyama Charan Gupta,https://india.gov.in/my-government/indian-parliament/shyama-charan-gupta
Sarbananda Sonowal,https://india.gov.in/my-government/indian-parliament/sarbananda-sonowal
Shivaji Adhalrao Patil,https://india.gov.in/my-government/indian-parliament/shivaji-adhalrao-patil
Mehbooba Mufti,https://india.gov.in/my-government/indian-parliament/mehbooba-mufti
Jay Prakash Narayan Yadav,https://india.gov.in/my-government/indian-parliament/jay-prakash-narayan-yadav
Ranjeet Ranjan,https://india.gov.in/my-government/indian-parliament/ranjeet-ranjan
Asaduddin Owaisi,https://india.gov.in/my-government/indian-parliament/asaduddin-owaisi
Thupstan Chhewang,https://india.gov.in/my-government/indian-parliament/thupstan-chhewang
Vinod Kumar Boianapalli,https://india.gov.in/my-government/indian-parliament/vinod-kumar-boianapalli
Rahul Gandhi,https://india.gov.in/my-government/indian-parliament/rahul-gandhi
Thokchom Meinya,https://india.gov.in/my-government/indian-parliament/thokchom-meinya
S.P.Y. Reddy,https://india.gov.in/my-government/indian-parliament/spy-reddy
Sanjay Shamrao Dhotre,https://india.gov.in/my-government/indian-parliament/sanjay-shamrao-dhotre
Dushyant Singh,https://india.gov.in/my-government/indian-parliament/dushyant-singh
Harishchandra Deoram Chavan,https://india.gov.in/my-government/indian-parliament/harishchandra-deoram-chavan
Rakesh Singh,https://india.gov.in/my-government/indian-parliament/rakesh-singh
Ganesh Singh,https://india.gov.in/my-government/indian-parliament/ganesh-singh
Parvatagouda Chandanagouda Gaddigoudar,https://india.gov.in/my-government/indian-parliament/parvatagouda-chandanagouda-gaddigoudar
Suresh Chanabasappa Angadi,https://india.gov.in/my-government/indian-parliament/suresh-chanabasappa-angadi
Pralhad Venkatesh Joshi,https://india.gov.in/my-government/indian-parliament/pralhad-venkatesh-joshi
D.V. Sadananda Gowda,https://india.gov.in/my-government/indian-parliament/dv-sadananda-gowda
Gowdar Mallikarjunappa Siddeshwara,https://india.gov.in/my-government/indian-parliament/gowdar-mallikarjunappa-siddeshwara
Kiren Rijiju,https://india.gov.in/my-government/indian-parliament/kiren-rijiju
H.D. Devegowda,https://india.gov.in/my-government/indian-parliament/hd-devegowda
Jyotiraditya Madhavrao Scindia,https://india.gov.in/my-government/indian-parliament/jyotiraditya-madhavrao-scindia
Venkateswara Rao Magantti,https://india.gov.in/my-government/indian-parliament/venkateswara-rao-magantti
Sushil Kumar Singh,https://india.gov.in/my-government/indian-parliament/sushil-kumar-singh
Kirti Vardhan Singh,https://india.gov.in/my-government/indian-parliament/kirti-vardhan-singh
Tathagata Satpathy,https://india.gov.in/my-government/indian-parliament/tathagata-satpathy
Rao Inderjit Singh,https://india.gov.in/my-government/indian-parliament/rao-inderjit-singh
Rama Devi,https://india.gov.in/my-government/indian-parliament/rama-devi
Ram Kripal Yadav,https://india.gov.in/my-government/indian-parliament/ram-kripal-yadav-0
Bhanu Pratap Singh Verma,https://india.gov.in/my-government/indian-parliament/bhanu-pratap-singh-verma
Sushma Swaraj,https://india.gov.in/my-government/indian-parliament/sushma-swaraj
Anirudhan Sampath,https://india.gov.in/my-government/indian-parliament/anirudhan-sampath
Rayapati Sambasiva Rao,https://india.gov.in/my-government/indian-parliament/rayapati-sambasiva-rao
N.K. Premachandran,https://india.gov.in/my-government/indian-parliament/nk-premachandran
Pinaki Misra,https://india.gov.in/my-government/indian-parliament/pinaki-misra
Harinder Singh Khalsa,https://india.gov.in/my-government/indian-parliament/harinder-singh-khalsa
Anant Kumar Dattatreya Hegde,https://india.gov.in/my-government/indian-parliament/anant-kumar-dattatreya-hegde
Prem Singh Chandumajra,https://india.gov.in/my-government/indian-parliament/prem-singh-chandumajra
Subhash Chandra Baheria,https://india.gov.in/my-government/indian-parliament/subhash-chandra-baheria
Hansraj Gangaram Ahir,https://india.gov.in/my-government/indian-parliament/hansraj-gangaram-ahir
Virendra Singh,https://india.gov.in/my-government/indian-parliament/virendra-singh
Swami Sakshiji Maharaj,https://india.gov.in/my-government/indian-parliament/swami-sakshiji-maharaj
Pankaj Chaudhary,https://india.gov.in/my-government/indian-parliament/pankaj-chaudhary
Taslimuddin,https://india.gov.in/my-government/indian-parliament/taslimuddin
Mekapati Rajamohan Reddy,https://india.gov.in/my-government/indian-parliament/mekapati-rajamohan-reddy
Chhedi Paswan,https://india.gov.in/my-government/indian-parliament/chhedi-paswan
Kuruppassery Varkey Thomas,https://india.gov.in/my-government/indian-parliament/kuruppassery-varkey-thomas
M. Thambi Durai,https://india.gov.in/my-government/indian-parliament/m-thambi-durai
Ramachandran Mullappally,https://india.gov.in/my-government/indian-parliament/ramachandran-mullappally
Ashok Shankarrao Chavan,https://india.gov.in/my-government/indian-parliament/ashok-shankarrao-chavan
Shibu Soren,https://india.gov.in/my-government/indian-parliament/shibu-soren
Dileep Singh Bhuria,https://india.gov.in/my-government/indian-parliament/dileep-singh-bhuria
Amarinder Singh,https://india.gov.in/my-government/indian-parliament/amarinder-singh
Nandi Yellaiah,https://india.gov.in/my-government/indian-parliament/nandi-yellaiah-0
Saugata Roy,https://india.gov.in/my-government/indian-parliament/saugata-roy
Biren Singh Engti,https://india.gov.in/my-government/indian-parliament/biren-singh-engti
Rajesh Ranjan (Pappu Yadav),https://india.gov.in/my-government/indian-parliament/rajesh-ranjan-pappu-yadav
Mulayam Singh Yadav,https://india.gov.in/my-government/indian-parliament/mulayam-singh-yadav
Hukmdev Narayan Yadav,https://india.gov.in/my-government/indian-parliament/hukmdev-narayan-yadav
Chintaman Navsha Wanaga,https://india.gov.in/my-government/indian-parliament/chintaman-navsha-wanaga
Virendra Kumar,https://india.gov.in/my-government/indian-parliament/virendra-kumar
Rajesh Verma,https://india.gov.in/my-government/indian-parliament/rajesh-verma
Mansukhbhai Dhanjibhai Vasava,https://india.gov.in/my-government/indian-parliament/mansukhbhai-dhanjibhai-vasava
Uma Bharati Sushree,https://india.gov.in/my-government/indian-parliament/uma-bharati-sushree
Suresh Kodikunnil,https://india.gov.in/my-government/indian-parliament/suresh-kodikunnil
Dr. Kirit Somaiya,https://india.gov.in/my-government/indian-parliament/dr-kirit-somaiya
Manoj Kumar Sinha,https://india.gov.in/my-government/indian-parliament/manoj-kumar-sinha
Radha Mohan Singh,https://india.gov.in/my-government/indian-parliament/radha-mohan-singh
Brijbhushan Sharan Singh,https://india.gov.in/my-government/indian-parliament/brijbhushan-sharan-singh
Bahadur Singh Koli,https://india.gov.in/my-government/indian-parliament/bahadur-singh-koli
Shanta Kumar,https://india.gov.in/my-government/indian-parliament/shanta-kumar-0
Arjun Charan Sethi,https://india.gov.in/my-government/indian-parliament/arjun-charan-sethi
Purno Agitok Sangma,https://india.gov.in/my-government/indian-parliament/purno-agitok-sangma
Vishnu Deo Sai,https://india.gov.in/my-government/indian-parliament/vishnu-deo-sai
Rajiv Pratap Rudy,https://india.gov.in/my-government/indian-parliament/rajiv-pratap-rudy-0
A.P. Jithender Reddy,https://india.gov.in/my-government/indian-parliament/ap-jithender-reddy
Sukender Reddy Gutha,https://india.gov.in/my-government/indian-parliament/sukender-reddy-gutha
Bishnu Pada Ray,https://india.gov.in/my-government/indian-parliament/bishnu-pada-ray
Ramsinh Patalyabhai Rathwa,https://india.gov.in/my-government/indian-parliament/ramsinh-patalyabhai-rathwa
Pon Radhakrishnan,https://india.gov.in/my-government/indian-parliament/pon-radhakrishnan
Raosaheb Patil Danve,https://india.gov.in/my-government/indian-parliament/raosaheb-patil-danve
Prahlad Singh Patel,https://india.gov.in/my-government/indian-parliament/prahlad-singh-patel
Prasanna Kumar Patasani,https://india.gov.in/my-government/indian-parliament/prasanna-kumar-patasani
Ramchandra Paswan,https://india.gov.in/my-government/indian-parliament/ramchandra-paswan
Ram Vilas Paswan,https://india.gov.in/my-government/indian-parliament/ram-vilas-paswan-0
Dalpat Singh Paraste,https://india.gov.in/my-government/indian-parliament/dalpat-singh-paraste
Ravindra Kumar Pandey,https://india.gov.in/my-government/indian-parliament/ravindra-kumar-pandey
Jual Oram,https://india.gov.in/my-government/indian-parliament/jual-oram
Shripad Yesso Naik,https://india.gov.in/my-government/indian-parliament/shripad-yesso-naik
K.H. Muniyappa,https://india.gov.in/my-government/indian-parliament/kh-muniyappa
Kariya Munda,https://india.gov.in/my-government/indian-parliament/kariya-munda
Bhartruhari Mahtab,https://india.gov.in/my-government/indian-parliament/bhartruhari-mahtab
Sumitra Mahajan (Tai),https://india.gov.in/my-government/indian-parliament/sumitra-mahajan-tai
Arun Kumar,https://india.gov.in/my-government/indian-parliament/arun-kumar
Faggan Singh Kulaste,https://india.gov.in/my-government/indian-parliament/faggan-singh-kulaste-0
Vinod Khanna,https://india.gov.in/my-government/indian-parliament/vinod-khanna
Bhuwan Chandra AVSM (Retd.) Khanduri,https://india.gov.in/my-government/indian-parliament/bhuwan-chandra-avsm-retd-khanduri
Chandrakant Bhaurao Khaire,https://india.gov.in/my-government/indian-parliament/chandrakant-bhaurao-khaire
Rattan Lal Kataria,https://india.gov.in/my-government/indian-parliament/rattan-lal-kataria
Kamal Nath,https://india.gov.in/my-government/indian-parliament/kamal-nath
Murli Manohar Joshi,https://india.gov.in/my-government/indian-parliament/murli-manohar-joshi
Ramesh Chandappa Jigajinagi,https://india.gov.in/my-government/indian-parliament/ramesh-chandappa-jigajinagi
Laxman Giluwa,https://india.gov.in/my-government/indian-parliament/laxman-giluwa
Rajen Gohain,https://india.gov.in/my-government/indian-parliament/rajen-gohain
Anant Gangaram Geete,https://india.gov.in/my-government/indian-parliament/anant-gangaram-geete
Bhavana Gawali (Patil),https://india.gov.in/my-government/indian-parliament/bhavana-gawali-patil
Santosh Kumar Gangwar,https://india.gov.in/my-government/indian-parliament/santosh-kumar-gangwar
Sonia Gandhi,https://india.gov.in/my-government/indian-parliament/sonia-gandhi
Maneka Sanjay Gandhi,https://india.gov.in/my-government/indian-parliament/maneka-sanjay-gandhi
Dilip Kumar Mansukhlal Gandhi,https://india.gov.in/my-government/indian-parliament/dilip-kumar-mansukhlal-gandhi
Bandaru Dattatreya,https://india.gov.in/my-government/indian-parliament/bandaru-dattatreya
Adhir Ranjan Chowdhury,https://india.gov.in/my-government/indian-parliament/adhir-ranjan-chowdhury
Nihal Chand Chauhan,https://india.gov.in/my-government/indian-parliament/nihal-chand-chauhan
Sona Ram Choudhary,https://india.gov.in/my-government/indian-parliament/sona-ram-choudhary
Nand Kumar Singh Chauhan,https://india.gov.in/my-government/indian-parliament/nand-kumar-singh-chauhan
Ram Tahal Choudhary,https://india.gov.in/my-government/indian-parliament/ram-tahal-choudhary
Haribhai Parthibhai Chaudhary,https://india.gov.in/my-government/indian-parliament/haribhai-parthibhai-chaudhary
Bijoya Chakravarty,https://india.gov.in/my-government/indian-parliament/bijoya-chakravarty
Sudip Bandyopadhyay,https://india.gov.in/my-government/indian-parliament/sudip-bandyopadhyay
Ramesh Bais,https://india.gov.in/my-government/indian-parliament/ramesh-bais
Kirti (JHA) Azad,https://india.gov.in/my-government/indian-parliament/kirti-jha-azad
Ananth Kumar,https://india.gov.in/my-government/indian-parliament/ananth-kumar
E. Ahamed,https://india.gov.in/my-government/indian-parliament/e-ahamed
Lal Krishna Advani,https://india.gov.in/my-government/indian-parliament/lal-krishna-advani
Anandrao Adsul,https://india.gov.in/my-government/indian-parliament/anandrao-adsul
Yogi Adityanath,https://india.gov.in/my-government/indian-parliament/yogi-adityanath
Kapil Krishna Thakur,https://india.gov.in/my-government/indian-parliament/kapil-krishna-thakur
Tariq Anwar,https://india.gov.in/my-government/indian-parliament/tariq-anwar-0
Thangso Baite,https://india.gov.in/my-government/indian-parliament/thangso-baite
Hemendra Chandra Singh,https://india.gov.in/my-government/indian-parliament/hemendra-chandra-singh